Date,MSFT,MMM,INTC
3/01/2012,22.156071,68.414352,19.332613
4/01/2012,22.677486,68.979744,19.781666
5/01/2012,22.909233,68.668343,20.010126
6/01/2012,23.265116,68.315994,19.891949
9/01/2012,22.958887,68.725723,20.065273
10/01/2012,23.041651,69.078056,20.159807
11/01/2012,22.942329,68.643753,20.325243
12/01/2012,23.17408,69.061676,20.285852
13/01/2012,23.380983,68.504448,19.805296
17/01/2012,23.389263,69.020729,19.726517
18/01/2012,23.364435,69.709015,20.002243
19/01/2012,23.273396,70.307251,20.191319
20/01/2012,24.589346,70.184319,20.782166
23/01/2012,24.605904,70.151527,21.042143
24/01/2012,24.283119,70.41375,21.191824
25/01/2012,24.465204,70.864426,21.191824
26/01/2012,24.415541,71.765823,21.07365
27/01/2012,24.192081,71.667473,21.057899
30/01/2012,24.50659,71.569153,21.065777
31/01/2012,24.440378,71.052902,20.813677
1/02/2012,24.738325,71.577332,20.916092
2/02/2012,24.787991,71.642891,20.868824
3/02/2012,25.028,71.888733,21.23411
6/02/2012,24.994896,71.749413,21.218225
7/02/2012,25.119045,72.019852,21.154699
8/02/2012,25.375614,72.085381,21.321463
9/02/2012,25.46665,72.12635,21.329407
10/02/2012,25.243189,71.405243,21.202347
13/02/2012,25.309401,72.134537,21.202347
14/02/2012,25.201105,72.101761,21.265877
15/02/2012,25.034481,71.780045,21.107059
16/02/2012,26.067522,72.308014,21.305574
17/02/2012,26.034197,72.233757,21.734394
21/02/2012,26.19248,72.266762,21.567631
22/02/2012,26.050858,72.398758,21.226171
23/02/2012,26.134163,72.514252,21.170586
24/02/2012,26.225803,72.761726,21.202347
27/02/2012,26.1175,72.654495,21.353224
28/02/2012,26.550711,72.406998,21.631157
29/02/2012,26.44241,72.266762,21.345276
1/03/2012,26.900608,72.176018,21.329407
2/03/2012,26.725662,72.200768,21.377047
5/03/2012,26.492392,71.821289,21.075294
6/03/2012,26.292456,70.080612,21.130878
7/03/2012,26.525721,70.509605,21.369108
8/03/2012,26.667349,71.532547,21.31352
9/03/2012,26.650681,71.606781,21.496157
12/03/2012,26.692339,72.21727,21.432634
13/03/2012,27.21719,73.215454,21.829681
14/03/2012,27.300497,73.314491,21.805859
15/03/2012,27.367149,74.246689,22.036146
16/03/2012,27.158869,73.883713,22.020262
19/03/2012,26.825634,74.032196,22.028204
20/03/2012,26.650681,73.710442,22.036146
21/03/2012,26.584036,73.347443,22.059973
22/03/2012,26.659012,73.066978,22.15526
23/03/2012,26.667349,72.976227,22.139376
26/03/2012,27.150543,73.520721,22.385548
27/03/2012,27.092218,73.537216,22.385548
28/03/2012,26.817305,72.967964,22.075851
29/03/2012,26.758987,73.231972,22.361729
30/03/2012,26.875616,73.594963,22.32996
2/04/2012,26.900608,73.611458,22.536428
3/04/2012,26.609028,73.248459,22.322021
4/04/2012,26.000874,72.464752,22.179087
5/04/2012,26.259125,71.994537,22.29026
9/04/2012,25.909233,71.219055,22.044086
10/04/2012,25.38438,69.775375,21.79792
11/04/2012,25.284407,70.410591,22.115555
12/04/2012,25.809261,71.656296,22.615833
13/04/2012,25.667631,70.691086,22.306137
16/04/2012,25.892569,71.27681,22.560251
17/04/2012,26.19248,72.143005,22.607891
18/04/2012,25.942553,71.879013,22.194962
19/04/2012,25.834249,71.606781,21.988501
20/04/2012,27.008915,72.16777,21.91703
23/04/2012,26.758987,71.879013,21.79792
24/04/2012,26.592365,73.000969,21.686739
25/04/2012,26.825634,73.256729,22.123499
26/04/2012,26.750654,73.685684,22.409374
27/04/2012,26.642355,73.718697,22.536428
30/04/2012,26.675678,73.718697,22.552305
1/05/2012,26.667349,73.916679,22.989063
2/05/2012,26.492392,73.850693,23.171705
3/05/2012,26.459072,73.743446,22.843765
4/05/2012,25.809261,73.149483,22.315863
7/05/2012,25.534336,72.605003,22.203882
8/05/2012,25.409382,72.233757,21.891941
9/05/2012,25.625978,71.994537,21.747967
10/05/2012,25.609316,71.879013,21.787958
11/05/2012,25.959217,71.549034,22.099903
14/05/2012,25.559332,70.80658,21.611992
15/05/2012,25.33292,70.765312,21.50001
16/05/2012,25.072968,70.898232,21.196072
17/05/2012,24.922024,70.059242,20.948114
18/05/2012,24.544674,69.369804,20.852135
21/05/2012,24.947184,70.158951,20.916124
22/05/2012,24.955561,69.884834,20.820137
23/05/2012,24.410501,70.441368,20.348225
24/05/2012,24.376957,70.590904,20.516197
25/05/2012,24.36857,70.424751,20.588184
29/05/2012,24.787857,71.213905,20.868132
30/05/2012,24.603371,70.150627,20.900126
31/05/2012,24.477589,70.117416,20.668165
1/06/2012,23.857056,68.821564,20.108274
4/06/2012,23.940908,68.630493,20.028286
5/06/2012,23.907368,68.539124,20.340229
6/06/2012,24.611753,70.30014,20.852135
7/06/2012,24.511127,71.02285,20.748152
8/06/2012,24.863329,71.438179,21.124083
11/06/2012,24.234402,70.757019,20.788147
12/06/2012,24.561445,72.044586,21.212067
13/06/2012,24.427273,71.546181,21.228065
14/06/2012,24.603371,72.152557,21.579996
15/06/2012,25.173592,72.634377,21.867947
18/06/2012,25.022654,72.52639,21.931938
19/06/2012,25.743818,72.950012,22.003916
20/06/2012,25.936682,72.717415,22.107899
21/06/2012,25.274218,72.044586,21.36404
22/06/2012,25.743818,72.12764,21.548006
25/06/2012,25.047806,71.313591,20.83613
26/06/2012,25.173592,71.5877,20.804144
27/06/2012,25.299376,72.401779,20.972111
28/06/2012,25.08135,72.401779,20.660172
29/06/2012,25.651567,74.428604,21.316051
2/07/2012,25.626415,74.162788,21.332045
3/07/2012,25.794132,74.511703,21.484022
5/07/2012,25.743818,74.403702,21.236063
6/07/2012,25.316145,73.921913,20.924118
9/07/2012,25.15682,73.897003,20.932116
10/07/2012,24.938789,73.307213,20.444204
11/07/2012,24.569826,72.974915,20.308235
12/07/2012,24.007992,71.77874,19.788328
13/07/2012,24.645296,72.758957,20.196251
16/07/2012,24.687231,73.182594,20.100271
17/07/2012,24.871714,73.913605,20.300234
18/07/2012,25.53417,75.483582,20.964115
19/07/2012,25.718662,75.45034,20.84413
20/07/2012,25.257448,74.752579,20.412216
23/07/2012,24.553061,74.229248,20.204258
24/07/2012,24.444048,73.298897,20.00429
25/07/2012,24.175707,73.722549,20.100271
26/07/2012,24.452425,75.250969,20.396217
27/07/2012,24.955561,76.181358,20.812141
30/07/2012,24.854939,75.82415,20.604181
31/07/2012,24.712381,75.782623,20.556189
1/08/2012,24.662073,75.75769,20.740156
2/08/2012,24.477589,74.827339,20.724161
3/08/2012,24.947184,76.17305,21.163897
6/08/2012,25.114897,75.932152,21.228441
7/08/2012,25.374851,76.17305,21.381746
8/08/2012,25.433542,76.114868,21.462431
9/08/2012,25.576103,76.081665,21.543119
10/08/2012,25.509022,76.663147,21.688351
13/08/2012,25.483858,76.754509,21.535051
14/08/2012,25.43321,76.671448,21.365608
15/08/2012,25.492304,76.870811,21.196175
16/08/2012,25.981894,77.867607,21.454365
17/08/2012,26.083185,78.282951,21.244579
20/08/2012,25.948126,77.992226,21.163897
21/08/2012,25.99877,77.427383,21.06707
22/08/2012,25.779303,77.477516,20.760469
23/08/2012,25.542952,76.892349,20.203733
24/08/2012,25.796185,77.602905,20.098843
27/08/2012,25.90592,77.40226,20.042366
28/08/2012,25.855272,77.159851,20.171459
29/08/2012,25.872149,77.268539,19.905193
30/08/2012,25.593597,76.708427,19.582455
31/08/2012,26.015656,77.410629,20.034296
4/09/2012,25.652683,76.641548,19.70348
5/09/2012,25.652683,76.700081,19.679277
6/09/2012,26.463032,77.979118,20.252146
7/09/2012,26.125389,77.594543,19.517906
10/09/2012,25.931242,75.797211,18.767525
11/09/2012,25.990326,76.215233,18.832073
12/09/2012,25.981894,75.914253,18.711046
13/09/2012,26.116943,76.959206,18.848211
14/09/2012,26.344858,78.564278,18.856279
17/09/2012,26.344858,78.397095,18.807867
18/09/2012,26.31954,78.104492,18.856279
19/09/2012,26.209795,78.271683,18.67877
20/09/2012,26.547443,78.229881,18.702976
21/09/2012,26.327978,77.920601,18.662636
24/09/2012,25.981894,78.35527,18.396372
25/09/2012,25.652683,77.602905,18.18659
26/09/2012,25.466976,77.40226,18.275343
27/09/2012,25.458532,77.594543,18.630362
28/09/2012,25.120886,77.260155,18.283415
1/10/2012,24.892981,77.987457,18.364092
2/10/2012,25.036482,78.196442,18.428648
3/10/2012,25.205303,78.397095,18.194654
4/10/2012,25.348803,78.940468,18.130106
5/10/2012,25.196863,79.383514,18.299547
8/10/2012,25.13777,79.72628,18.16238
9/10/2012,24.715719,78.53083,17.670198
10/10/2012,24.462481,77.979118,17.557238
11/10/2012,24.437155,77.602905,17.492689
12/10/2012,24.648188,77.536011,17.331316
15/10/2012,24.909864,77.569458,17.533035
16/10/2012,24.892981,78.773254,18.033287
17/10/2012,24.97739,79.258125,17.581448
18/10/2012,24.901419,79.199623,17.484623
19/10/2012,24.17548,77.694878,17.161877
22/10/2012,23.635246,77.352119,17.315182
23/10/2012,23.677454,74.175438,17.420074
24/10/2012,23.550831,73.891212,17.315182
25/10/2012,23.533955,73.406357,17.500753
26/10/2012,23.812511,73.590271,17.710545
31/10/2012,24.091064,73.230804,17.452349
1/11/2012,24.918303,74.610146,17.960669
2/11/2012,24.901419,74.376076,17.799297
5/11/2012,25.01115,74.902725,17.803373
6/11/2012,25.205303,75.956047,17.713699
7/11/2012,24.546892,74.718811,17.045261
8/11/2012,24.318985,74.024971,16.980047
9/11/2012,24.335867,74.242317,16.955593
12/11/2012,23.82095,74.551628,16.931135
13/11/2012,23.055004,74.468056,16.531698
14/11/2012,22.842236,72.988396,16.270847
15/11/2012,22.689053,73.581886,16.327909
16/11/2012,22.569904,73.98317,16.45834
19/11/2012,22.748627,74.877655,16.507246
20/11/2012,22.731602,74.911324,15.904017
21/11/2012,22.935856,74.843987,15.781743
23/11/2012,23.574144,75.971611,16.075203
26/11/2012,23.310316,75.811722,16.213787
27/11/2012,23.046494,75.996872,16.246391
28/11/2012,23.28479,76.518585,16.37682
29/11/2012,22.935856,76.282951,15.920325
30/11/2012,22.655014,76.535408,15.952929
3/12/2012,22.493311,75.988449,15.928475
4/12/2012,22.442249,75.836983,16.278999
5/12/2012,22.697561,76.375542,16.181171
6/12/2012,22.748627,76.535408,16.43388
7/12/2012,22.518839,77.006668,16.43388
10/12/2012,22.927343,77.309624,16.368668
11/12/2012,23.250746,78.832741,16.833317
12/12/2012,23.182661,78.361519,16.849619
13/12/2012,23.072025,77.83976,16.702885
14/12/2012,22.816711,77.65464,16.735498
17/12/2012,23.063515,78.285759,16.768103
18/12/2012,23.454998,78.9758,17.086021
19/12/2012,23.242231,78.277367,17.200142
20/12/2012,23.557125,79.211441,17.14308
21/12/2012,23.361383,78.344673,16.931135
24/12/2012,23.029474,78.420425,16.825163
26/12/2012,22.859259,78.319443,16.833317
27/12/2012,22.944363,77.957588,16.719189
28/12/2012,22.595436,77.233879,16.49094
31/12/2012,22.731602,78.134308,16.808863
2/01/2013,23.506062,79.758415,17.428391
3/01/2013,23.19117,79.665848,17.37948
4/01/2013,22.757137,80.254913,17.249054
7/01/2013,22.714586,80.355881,17.32242
8/01/2013,22.595436,80.364304,17.191992
9/01/2013,22.723091,81.130081,17.485455
10/01/2013,22.518839,81.533989,17.770761
11/01/2013,22.833727,81.020676,17.9338
14/01/2013,22.884794,81.693871,17.9338
15/01/2013,23.157133,81.870605,17.835978
16/01/2013,23.012445,82.131462,18.023466
17/01/2013,23.19117,82.5354,18.488115
18/01/2013,23.19117,83.090797,17.32242
22/01/2013,23.106068,83.587296,17.257208
23/01/2013,23.497553,83.721947,17.208298
24/01/2013,23.514566,83.873398,17.077868
25/01/2013,23.727333,84.647583,17.086021
28/01/2013,23.752867,84.698097,17.159386
29/01/2013,23.837973,85.674248,17.346876
30/01/2013,23.701803,84.824318,17.420238
31/01/2013,23.361383,84.613937,17.151237
1/02/2013,23.769892,85.463844,17.412085
4/02/2013,23.352871,84.799065,17.249054
5/02/2013,23.40394,85.404968,17.450918
6/02/2013,23.267767,86.414787,17.294371
7/02/2013,23.216702,86.019257,17.146057
8/02/2013,23.446489,86.389534,17.30261
11/02/2013,23.710316,86.355858,17.327324
12/02/2013,23.727333,87.062737,17.459156
13/02/2013,23.854996,87.092369,17.508596
14/02/2013,23.863506,87.024635,17.492123
15/02/2013,23.837973,87.405663,17.401484
19/02/2013,24.069658,88.210022,17.376764
20/02/2013,23.915203,87.337906,17.080147
21/02/2013,23.589127,86.973824,16.684662
22/02/2013,23.820812,87.668114,16.82473
25/02/2013,23.486153,86.152512,16.668175
26/02/2013,23.486153,86.626686,16.95656
27/02/2013,23.863714,87.693527,17.244932
28/02/2013,23.855135,88.057602,17.203737
1/03/2013,23.983852,87.862862,17.327324
4/03/2013,24.155468,87.447975,17.52507
5/03/2013,24.327089,88.438637,17.722815
6/03/2013,24.103985,88.616455,17.920563
7/03/2013,24.146887,88.514839,18.035912
8/03/2013,24.026758,89.50547,17.780493
11/03/2013,23.915203,89.590164,17.871122
12/03/2013,23.949524,89.014389,17.829924
13/03/2013,23.958107,88.980522,17.846407
14/03/2013,24.146887,89.767944,17.838165
15/03/2013,24.061085,90.089714,17.615702
18/03/2013,24.112564,89.25148,17.516832
19/03/2013,24.181211,89.056732,17.417959
20/03/2013,24.301346,89.463173,17.450918
21/03/2013,24.121149,88.853516,17.335571
22/03/2013,24.24128,90.106644,17.574507
25/03/2013,24.164049,89.048271,17.426195
26/03/2013,24.164049,89.810295,17.937038
27/03/2013,24.34425,89.149857,17.986475
28/03/2013,24.550192,90.013504,17.994717
1/04/2013,24.550192,89.454674,17.6569
2/04/2013,24.71323,90.191322,17.681616
3/04/2013,24.507286,89.480087,17.343805
4/04/2013,24.541615,89.598633,17.417959
5/04/2013,24.627424,89.564766,17.253172
8/04/2013,24.533031,89.53936,17.376764
9/04/2013,25.408297,89.708687,17.920563
10/04/2013,25.983221,91.181961,18.340767
11/04/2013,24.833364,91.656128,17.986475
12/04/2013,24.704655,91.173492,17.862886
15/04/2013,24.618839,89.547813,17.615702
16/04/2013,24.859106,89.878029,18.060627
17/04/2013,24.738977,89.310745,18.068867
18/04/2013,24.704655,88.887383,18.324287
19/04/2013,25.545591,89.50547,18.489079
22/04/2013,26.455177,89.581665,18.851603
23/04/2013,26.257814,90.927956,19.263569
24/04/2013,27.253204,91.334366,19.494272
25/04/2013,27.407661,88.802711,19.263569
26/04/2013,27.278946,87.879784,19.280052
29/04/2013,27.98259,87.913681,19.576666
30/04/2013,28.403057,88.658768,19.733217
1/05/2013,28.076982,88.523323,19.766169
2/05/2013,28.454546,89.784912,19.865047
3/05/2013,28.737719,91.300507,19.927422
6/05/2013,28.960823,91.308968,19.885838
7/05/2013,28.583258,91.452934,20.085445
8/05/2013,28.30867,91.613777,20.168615
9/05/2013,28.02549,93.070122,20.260098
10/05/2013,28.051237,93.544296,20.376534
13/05/2013,28.342987,93.561203,20.027224
14/05/2013,28.973791,93.637405,19.827616
15/05/2013,29.250311,94.407944,20.127028
16/05/2013,29.449068,94.043823,19.910786
17/05/2013,30.131708,94.314796,19.993961
20/05/2013,30.313187,94.594185,20.027224
21/05/2013,30.11442,94.839737,20.085445
22/05/2013,29.907045,94.341591,20.018908
23/05/2013,29.509546,94.018005,20.002281
24/05/2013,29.613247,93.898788,19.89415
28/05/2013,30.261324,95.022812,20.027224
29/05/2013,30.140348,94.631104,20.185249
30/05/2013,30.269962,94.878052,20.135344
31/05/2013,30.157629,93.898788,20.193563
3/06/2013,30.753874,94.188316,20.991991
4/06/2013,30.235403,93.685913,21.091801
5/06/2013,30.053938,92.468208,20.542881
6/06/2013,30.209484,92.536339,20.501291
7/06/2013,30.822996,94.614082,20.451384
10/06/2013,30.650181,94.358627,20.800707
11/06/2013,30.105789,93.856224,20.551197
12/06/2013,30.244043,92.842896,20.343262
13/06/2013,30.002085,94.690735,20.784067
14/06/2013,29.725578,94.545944,20.725847
17/06/2013,30.244043,95.295311,20.875553
18/06/2013,30.226763,96.197929,21.183281
19/06/2013,29.88975,95.005783,20.792385
20/06/2013,28.939234,92.629997,20.118711
21/06/2013,28.749121,93.31974,20.127028
24/06/2013,29.137974,91.540039,19.611378
25/06/2013,29.09477,92.170174,19.860884
26/06/2013,29.682362,93.396385,19.969006
27/06/2013,29.915684,93.873245,20.002281
28/06/2013,29.84655,93.115379,20.151979
1/07/2013,29.691017,93.081329,19.869202
2/07/2013,29.328081,92.587425,19.727814
3/07/2013,29.388567,93.200539,19.761082
5/07/2013,29.561394,94.980247,20.010586
8/07/2013,29.665087,95.482635,19.287016
9/07/2013,29.682362,96.521507,19.24543
10/07/2013,29.984804,96.589653,19.33692
11/07/2013,30.840281,97.526329,19.952372
12/07/2013,30.822996,98.045769,19.877516
15/07/2013,31.255056,97.798813,19.910786
16/07/2013,31.341473,97.364555,20.168615
17/07/2013,30.88349,97.62001,20.085445
18/07/2013,30.62425,98.335281,19.3286
19/07/2013,27.133228,98.939896,19.162266
22/07/2013,27.660339,99.01651,18.937702
23/07/2013,27.496155,99.41674,18.92107
24/07/2013,27.617132,99.059105,19.070778
25/07/2013,27.124592,99.246422,19.178894
26/07/2013,27.323332,99.552994,19.345234
29/07/2013,27.254204,99.297539,19.3286
30/07/2013,27.522079,99.493378,19.445038
31/07/2013,27.513439,99.995789,19.411772
1/08/2013,27.366537,100.830284,19.295336
2/08/2013,27.556644,100.702553,19.311964
5/08/2013,27.392462,100.413025,19.248974
6/08/2013,27.288773,100.055405,19.148197
7/08/2013,27.703545,100.336411,19.064219
8/08/2013,28.420763,101.060204,18.854258
9/08/2013,28.25658,100.745132,18.90465
12/08/2013,28.403479,100.804733,19.013826
13/08/2013,28.046688,101.051697,18.913044
14/08/2013,28.151119,100.1576,18.955036
15/08/2013,27.663807,98.650352,18.501534
16/08/2013,27.672503,98.692917,18.400749
19/08/2013,27.31572,98.445992,18.711491
20/08/2013,27.515871,98.284187,18.913044
21/08/2013,27.50717,97.115433,18.619106
22/08/2013,28.185926,98.18573,18.694691
23/08/2013,30.239601,97.954544,18.845856
26/08/2013,29.717489,97.894592,18.703087
27/08/2013,28.94301,96.524612,18.635899
28/08/2013,28.734158,96.755798,18.719883
29/08/2013,29.195362,97.0298,18.526722
30/08/2013,29.064837,97.252411,18.459536
3/09/2013,27.742121,96.944191,18.535118
4/09/2013,27.150383,98.082985,19.013826
5/09/2013,27.176489,98.356979,18.980234
6/09/2013,27.106876,98.502533,19.039022
9/09/2013,27.55068,99.958168,19.240585
10/09/2013,28.185926,100.685966,19.299368
11/09/2013,28.490499,101.644974,19.156597
12/09/2013,28.446989,101.208282,19.005421
13/09/2013,28.742859,101.550804,19.685694
16/09/2013,28.542709,102.090218,19.643702
17/09/2013,28.655834,102.689575,19.937647
18/09/2013,28.995213,103.854088,20.072012
19/09/2013,29.273678,104.093819,20.08041
20/09/2013,28.534012,102.758087,19.962837
23/09/2013,28.490499,103.699951,19.836864
24/09/2013,28.238142,103.434517,19.904049
25/09/2013,28.290352,102.920753,19.904049
26/09/2013,28.516605,103.314644,19.660498
27/09/2013,28.951702,102.937889,19.299368
30/09/2013,28.960409,102.244339,19.248974
1/10/2013,29.221472,102.424141,19.173395
2/10/2013,29.51734,102.064522,19.223787
3/10/2013,29.465128,101.507957,18.980234
4/10/2013,29.482533,102.235771,19.156597
7/10/2013,28.977814,101.627861,19.173395
8/10/2013,28.725452,100.317772,18.879456
9/10/2013,28.777668,100.668854,18.971836
10/10/2013,29.378107,102.184395,19.40015
11/10/2013,29.700087,103.366013,19.534525
14/10/2013,29.978548,103.948273,19.694094
15/10/2013,30.013359,102.595398,19.643702
16/10/2013,30.143885,103.554398,19.904049
17/10/2013,30.387541,104.992882,20.08881
18/10/2013,30.422359,105.181244,20.05522
21/10/2013,30.448456,105.53231,20.273575
22/10/2013,30.091673,106.003273,20.214788
23/10/2013,29.378107,105.489502,19.937647
24/10/2013,29.343296,105.737816,19.971235
25/10/2013,31.092409,106.534126,20.357559
28/10/2013,30.953175,106.962257,20.458336
29/10/2013,30.909668,107.2705,20.592712
30/10/2013,30.927073,106.850937,20.575916
31/10/2013,30.81395,107.75856,20.550718
1/11/2013,30.918375,107.801361,20.433142
4/11/2013,31.275158,108.161003,20.374357
5/11/2013,31.8843,107.989754,20.370121
6/11/2013,33.224407,108.854546,20.55661
7/11/2013,32.632671,108.23806,20.39555
8/11/2013,32.876328,109.590927,20.420979
11/11/2013,32.710987,109.556671,20.488794
12/11/2013,32.510845,109.907722,20.709196
13/11/2013,33.206997,110.10466,20.853306
14/11/2013,33.085175,111.132179,20.675287
15/11/2013,32.928539,111.183556,20.785488
18/11/2013,32.371616,111.423279,20.853306
19/11/2013,32.213787,111.354797,20.938072
20/11/2013,32.511902,111.152573,20.819395
21/11/2013,32.792469,112.159325,21.387348
22/11/2013,32.941528,112.735817,20.234489
25/11/2013,33.002914,112.916504,20.132763
26/11/2013,32.748646,113.708099,20.047993
27/11/2013,32.967834,114.869728,20.259916
29/11/2013,33.432549,114.878334,20.209057
2/12/2013,33.71312,109.861916,20.090376
3/12/2013,33.59037,108.932648,19.963219
4/12/2013,34.142746,108.812172,20.124289
5/12/2013,33.31855,109.130539,20.565088
6/12/2013,33.634212,110.662148,21.039797
9/12/2013,33.94109,110.627724,21.133041
10/12/2013,33.415001,109.750076,21.039797
11/12/2013,32.976608,109.078918,20.70072
12/12/2013,32.634655,108.915421,20.743099
13/12/2013,32.169949,108.786369,20.590521
16/12/2013,32.345303,109.844696,20.726152
17/12/2013,32.020889,113.054192,20.904165
18/12/2013,32.073505,116.848732,21.319536
19/12/2013,31.784145,117.373619,21.311058
20/12/2013,32.266399,117.64032,21.243246
23/12/2013,32.108578,117.709206,21.463646
24/12/2013,32.511902,117.872711,21.556892
26/12/2013,32.827541,118.991241,21.785769
27/12/2013,32.696033,119.903328,21.700996
30/12/2013,32.696033,119.963562,21.912926
31/12/2013,32.80125,120.677757,22.006166
2/01/2014,32.58205,118.853584,21.862062
3/01/2014,32.362835,119.128952,21.853582
6/01/2014,31.678938,118.423378,21.582321
7/01/2014,31.924446,118.440559,21.692528
8/01/2014,31.354523,117.562943,21.556892
9/01/2014,31.152859,117.408058,21.455168
10/01/2014,31.600014,117.175728,21.641659
13/01/2014,30.670612,115.885063,21.616232
14/01/2014,31.372061,118.23407,22.472406
15/01/2014,32.231327,119.120346,22.608034
16/01/2014,32.345303,118.87944,22.497833
17/01/2014,31.898146,118.148041,21.912926
21/01/2014,31.714005,117.872711,21.692528
22/01/2014,31.503574,117.433853,21.455168
23/01/2014,31.617563,115.910904,21.302582
24/01/2014,32.275166,112.04744,21.031315
27/01/2014,31.591257,110.963287,20.955029
28/01/2014,31.801695,111.694672,21.107611
29/01/2014,32.143642,112.07328,20.921122
30/01/2014,32.319008,110.180275,20.971987
31/01/2014,33.178257,110.300758,20.802443
3/02/2014,31.985817,106.609428,20.302303
4/02/2014,31.871834,109.035896,20.192099
5/02/2014,31.407125,109.586594,20.127922
6/02/2014,31.722771,110.911652,20.53013
7/02/2014,32.055962,112.14212,20.718405
10/02/2014,32.266399,111.600014,20.786871
11/02/2014,32.590805,112.701385,20.940907
12/02/2014,32.853851,112.974236,21.009371
13/02/2014,32.976608,112.714394,21.137737
14/02/2014,32.985371,114.429245,21.189081
18/02/2014,33.056034,114.152107,21.189081
19/02/2014,33.135548,113.078156,20.966581
20/02/2014,33.347565,113.944229,21.171967
21/02/2014,33.550739,113.952942,20.898121
24/02/2014,33.294548,114.498596,21.077831
25/02/2014,33.162048,115.130814,21.069275
26/02/2014,33.100224,115.07019,21.223316
27/02/2014,33.444733,116.35199,21.189081
28/02/2014,33.842247,116.689789,21.189081
3/03/2014,33.374065,114.507233,20.966581
4/03/2014,33.930588,114.914299,21.060722
5/03/2014,33.665577,115.927635,20.966581
6/03/2014,33.700912,116.126854,21.077831
7/03/2014,33.480068,116.152832,21.086393
10/03/2014,33.409401,115.67646,21.257549
11/03/2014,33.586075,114.767036,21.16341
12/03/2014,33.806915,114.819,21.189081
13/03/2014,33.471237,113.294685,21.026489
14/03/2014,33.303394,112.445908,20.966581
17/03/2014,33.612564,114.559181,21.137737
18/03/2014,34.937641,114.96624,21.240427
19/03/2014,34.690289,113.658432,21.411583
20/03/2014,35.626678,114.697746,21.762461
21/03/2014,35.476494,115.295334,21.539951
24/03/2014,35.776855,114.689117,21.497164
25/03/2014,35.635513,116.109497,21.788122
26/03/2014,35.149658,115.269379,21.719669
27/03/2014,34.769806,115.052856,21.65976
28/03/2014,35.600174,116.230774,21.925055
31/03/2014,36.209713,117.495293,22.087654
1/04/2014,36.589558,118.248772,22.241692
2/04/2014,36.527725,117.789734,22.156113
3/04/2014,36.227371,117.911018,22.601118
4/04/2014,35.220318,117.66848,22.387177
7/04/2014,35.158482,116.403984,22.66958
8/04/2014,35.176163,116.785027,23.029013
9/04/2014,35.750351,117.651161,23.088909
10/04/2014,34.769806,116.031563,22.618238
11/04/2014,34.637295,114.663109,22.404285
14/04/2014,34.610786,115.321342,22.729488
15/04/2014,35.114315,116.135445,22.909199
16/04/2014,35.688511,118.45665,23.046124
17/04/2014,35.343998,119.288101,23.140259
21/04/2014,35.282162,120.058899,23.063238
22/04/2014,35.326328,120.292786,22.969105
23/04/2014,35.061306,119.513275,22.892082
24/04/2014,35.211483,118.352692,22.892082
25/04/2014,35.255661,118.274757,22.472754
28/04/2014,36.103695,118.855042,22.532654
29/04/2014,35.78569,119.13221,22.661026
30/04/2014,35.688511,120.466003,22.840736
1/05/2014,35.335155,121.955719,22.635351
2/05/2014,35.061306,121.358078,22.601118
5/05/2014,34.831638,121.782455,22.588171
6/05/2014,34.504791,120.639198,22.614067
7/05/2014,34.822803,122.241478,22.760799
8/05/2014,35.017136,121.972984,22.734907
9/05/2014,34.92881,122.414703,22.70038
12/05/2014,35.308666,123.696579,22.760799
13/05/2014,35.958076,123.358749,22.829847
14/05/2014,35.797955,122.639915,22.726273
15/05/2014,35.228588,122.102905,22.450073
16/05/2014,35.433205,122.232819,22.286074
19/05/2014,35.362041,122.700523,22.475965
20/05/2014,35.299767,121.4533,22.475965
21/05/2014,35.895802,122.573097,22.614067
22/05/2014,35.673401,122.268127,22.570913
23/05/2014,35.691181,122.991379,22.691746
27/05/2014,35.75346,123.252831,23.054266
28/05/2014,35.593346,123.244087,23.200994
29/05/2014,35.886913,124.080666,23.270042
30/05/2014,36.420677,124.220085,23.580776
2/06/2014,36.287231,124.019676,23.528984
3/06/2014,35.842422,124.51638,23.874235
4/06/2014,35.869114,123.967392,23.822453
5/06/2014,36.660873,125.230942,23.874235
6/06/2014,36.901066,126.041328,24.314434
9/06/2014,36.714249,126.633919,24.090019
10/06/2014,36.571911,126.328903,24.374857
11/06/2014,36.349506,125.840942,24.107283
12/06/2014,36.100418,124.673233,24.133175
13/06/2014,36.678658,124.925964,25.781759
16/06/2014,36.918858,124.891083,25.902597
17/06/2014,37.078991,125.213493,25.850813
18/06/2014,37.052299,125.771248,25.833546
19/06/2014,36.927753,125.910629,25.971649
20/06/2014,37.078991,126.494484,26.066599
23/06/2014,37.354763,125.56205,26.092491
24/06/2014,37.141262,124.690636,26.325535
25/06/2014,37.390354,125.178665,26.653524
26/06/2014,37.114571,125.248367,26.567215
27/06/2014,37.586067,125.213493,26.696684
30/06/2014,37.096779,124.82135,26.670788
1/07/2014,37.248013,125.971611,26.739841
2/07/2014,37.274704,126.555443,26.739841
3/07/2014,37.185738,126.712303,26.877943
7/07/2014,37.354763,126.276672,26.782997
8/07/2014,37.167946,125.971611,26.575844
9/07/2014,37.070087,126.07618,26.662155
10/07/2014,37.087879,125.387779,26.981512
11/07/2014,37.443733,125.753769,26.972885
14/07/2014,37.488201,126.355026,27.180038
15/07/2014,37.763988,126.407318,27.369925
16/07/2014,39.214054,127.374611,29.907534
17/07/2014,39.614372,125.082764,29.087563
18/07/2014,39.756718,126.206902,29.087563
21/07/2014,39.890148,125.745064,29.398287
22/07/2014,39.881268,126.459641,30.028374
23/07/2014,39.916832,126.07618,29.778065
24/07/2014,39.498734,126.468346,29.562277
25/07/2014,39.587696,126.459641,29.562277
28/07/2014,39.116199,126.816902,29.545013
29/07/2014,39.045021,125.501083,29.510496
30/07/2014,38.769245,125.257065,29.648594
31/07/2014,38.395622,122.773537,29.251558
1/08/2014,38.128727,122.093842,29.122082
4/08/2014,38.582436,122.65155,29.389654
5/08/2014,38.32444,121.806244,28.516436
6/08/2014,38.02198,121.605858,28.542498
7/08/2014,38.457886,121.239853,28.394796
8/08/2014,38.431206,122.738708,28.325281
11/08/2014,38.431206,122.503403,28.690212
12/08/2014,38.71587,122.764839,28.785786
13/08/2014,39.214054,123.566536,29.628592
14/08/2014,39.383072,124.037094,29.489578
15/08/2014,39.84568,123.671104,29.689413
18/08/2014,40.130352,125.588203,29.897945
19/08/2014,40.57793,125.7015,29.837126
20/08/2014,40.237785,126.757782,29.976145
21/08/2014,40.479465,126.670113,30.540915
22/08/2014,40.416813,126.34581,30.358442
25/08/2014,40.434704,126.84549,30.245493
26/08/2014,40.291481,126.757782,30.236803
27/08/2014,40.166161,126.17926,30.228119
28/08/2014,40.17511,126.214294,30.106476
29/08/2014,40.667454,126.231804,30.341072
2/09/2014,40.363098,126.424744,30.036959
3/09/2014,40.246719,126.074074,30.036959
4/09/2014,40.515274,125.889977,30.332392
5/09/2014,41.09713,126.407196,30.410589
8/09/2014,41.598427,127.012016,30.697315
9/09/2014,41.858036,126.635078,30.332392
10/09/2014,41.929638,126.792854,30.427965
11/09/2014,42.072861,126.538658,30.427965
12/09/2014,41.804314,126.17926,30.080412
15/09/2014,41.392536,126.652634,30.010899
16/09/2014,41.858036,126.976952,30.349756
17/09/2014,41.643196,127.432777,30.393209
18/09/2014,41.786419,128.721375,30.55829
19/09/2014,42.538345,128.589935,30.254185
22/09/2014,42.126568,127.730858,30.158609
23/09/2014,41.678993,126.55619,29.906633
24/09/2014,42.144482,127.003304,30.193369
25/09/2014,41.213509,124.899406,29.663353
26/09/2014,41.544716,124.846794,29.767614
29/09/2014,41.571568,124.645142,30.323696
30/09/2014,41.499958,124.19812,30.254185
1/10/2014,41.088188,122.006554,29.533022
2/10/2014,40.962856,121.559509,29.124647
3/10/2014,41.258266,122.874413,29.567772
6/10/2014,41.258266,123.023445,29.637281
7/10/2014,40.756962,120.691666,29.081205
8/10/2014,41.875931,123.961426,29.776308
9/10/2014,41.043427,121.533241,29.211536
10/10/2014,39.414215,117.316734,27.725763
13/10/2014,39.074055,116.501472,27.343456
14/10/2014,39.145676,117.62352,27.925602
15/10/2014,38.689137,117.658592,27.178371
16/10/2014,38.259464,118.386185,26.804756
17/10/2014,39.056164,120.446213,27.265255
20/10/2014,39.458977,120.621567,27.439035
21/10/2014,40.17511,123.540657,28.333973
22/10/2014,39.727531,121.80497,28.038557
23/10/2014,40.30043,127.152252,28.403482
24/10/2014,41.294075,130.255493,28.829227
27/10/2014,41.09713,131.105789,28.846605
28/10/2014,41.616329,132.420715,29.3158
29/10/2014,41.732697,132.376877,29.472193
30/10/2014,41.222458,133.332382,28.307911
31/10/2014,42.028111,134.796356,29.550398
3/11/2014,42.466732,134.384308,29.811058
4/11/2014,42.583115,135.918365,30.010899
5/11/2014,42.842709,136.479401,29.525511
6/11/2014,43.594646,136.794968,29.577986
7/11/2014,43.576752,137.233261,29.368088
10/11/2014,43.764729,138.20636,29.088224
11/11/2014,43.74683,137.724228,29.131958
12/11/2014,43.666264,138.223877,29.193186
13/11/2014,44.409256,138.811188,29.455545
14/11/2014,44.382393,139.249496,29.691683
17/11/2014,44.274975,139.109207,29.945301
18/11/2014,43.905632,140.389069,30.35635
19/11/2014,43.437222,139.979248,30.041512
20/11/2014,43.869606,140.44635,31.440823
21/11/2014,43.221031,141.151413,31.12598
24/11/2014,42.869705,140.904648,31.703194
25/11/2014,42.761612,139.300674,31.764406
26/11/2014,43.01384,139.520981,32.271667
28/11/2014,43.06789,141.089783,32.577759
1/12/2014,43.797543,139.388794,32.507801
2/12/2014,43.653416,141.53923,32.883869
3/12/2014,43.311108,143.002167,32.735191
4/12/2014,43.99572,143.002167,32.761425
5/12/2014,43.617382,143.011002,32.945084
8/12/2014,42.9688,141.830048,32.534042
9/12/2014,42.869705,141.741913,32.26292
10/12/2014,42.248138,139.45932,31.851868
11/12/2014,42.491364,140.261292,32.096748
12/12/2014,42.293186,138.472198,31.685705
15/12/2014,42.040955,138.234268,31.414593
16/12/2014,40.680733,140.173157,31.099749
17/12/2014,41.203209,141.53923,31.694452
18/12/2014,42.806644,145.681412,32.37661
19/12/2014,42.932766,145.840012,31.808142
22/12/2014,43.221031,147.417587,32.54277
23/12/2014,43.644402,147.065063,32.735191
24/12/2014,43.365158,147.144379,32.743931
26/12/2014,43.130943,146.527451,32.840141
29/12/2014,42.743599,146.924026,32.516544
30/12/2014,42.356247,146.157288,32.149223
31/12/2014,41.842781,144.817703,31.738184
2/01/2015,42.12204,144.588531,31.799398
5/01/2015,41.73468,141.327682,31.440823
6/01/2015,41.122128,139.820648,30.854856
7/01/2015,41.644604,140.834137,31.502043
8/01/2015,42.869705,144.209564,32.088005
9/01/2015,42.509384,142.438171,32.149223
12/01/2015,41.977894,141.662598,32.009293
13/01/2015,41.761707,141.556824,31.921837
14/01/2015,41.401379,140.869415,31.790653
15/01/2015,40.968994,140.71077,31.650711
16/01/2015,41.65361,142.773071,31.878113
20/01/2015,41.788723,142.720139,31.563259
21/01/2015,41.365345,143.248978,31.904346
22/01/2015,42.45533,146.20137,32.280411
23/01/2015,42.500378,144.553345,31.878113
26/01/2015,42.347233,144.747208,31.318384
27/01/2015,38.428696,144.209564,29.901577
28/01/2015,37.1045,144.482803,29.542999
29/01/2015,37.843174,146.412872,29.919073
30/01/2015,36.392864,143.037445,28.895821
2/02/2015,37.185577,144.905823,29.429316
3/02/2015,37.473843,146.245438,29.47304
4/02/2015,37.690033,145.249557,29.596355
5/02/2015,38.239532,146.783035,29.89584
6/02/2015,38.203495,146.360001,29.332104
9/02/2015,38.158447,145.275986,29.006193
10/02/2015,38.374645,146.139664,29.684437
11/02/2015,38.176479,145.860336,29.55232
12/02/2015,38.81604,147.128479,30.06321
13/02/2015,39.518677,147.15506,30.2658
17/02/2015,39.536827,148.024124,30.600521
18/02/2015,39.491459,148.449768,30.18652
19/02/2015,39.464249,148.17485,30.133675
20/02/2015,39.790859,149.088272,30.309837
23/02/2015,40.053944,149.70015,29.737293
24/02/2015,39.999516,149.975052,30.309837
25/02/2015,39.908787,149.771103,29.904654
26/02/2015,39.97229,150.409622,29.640409
27/02/2015,39.781765,149.558273,29.288067
2/03/2015,39.808998,151.198883,30.001553
3/03/2015,39.264656,149.221283,30.036781
4/03/2015,39.065071,148.236954,30.054396
5/03/2015,39.110435,148.60054,29.710861
6/03/2015,38.430016,145.753922,29.23521
9/03/2015,38.874557,147.536407,28.821215
10/03/2015,38.13063,143.891632,27.922754
11/03/2015,38.085266,143.421631,28.47769
12/03/2015,37.21434,145.851471,27.129993
13/03/2015,37.540939,144.317307,27.244507
16/03/2015,37.704235,147.39447,27.156422
17/03/2015,37.831245,145.638626,26.945015
18/03/2015,38.557026,147.625031,27.209265
19/03/2015,38.366516,146.906754,27.077141
20/03/2015,38.901772,147.642792,27.579229
23/03/2015,38.883629,147.323547,27.482334
24/03/2015,38.919918,147.492035,27.121183
25/03/2015,37.613514,144.28183,26.328424
26/03/2015,37.386703,144.18428,26.495785
27/03/2015,37.168976,144.991302,28.187012
30/03/2015,37.159908,147.252625,27.711348
31/03/2015,36.887737,146.277115,27.543989
1/04/2015,36.942169,144.122208,27.1388
2/04/2015,36.552055,144.370514,27.1388
6/04/2015,37.69516,146.747116,27.341398
7/04/2015,37.67701,147.39447,27.535185
8/04/2015,37.577217,147.447723,27.579229
9/04/2015,37.63166,147.908859,27.517567
10/04/2015,37.849388,148.157135,28.125351
13/04/2015,37.885674,147.066376,27.949177
14/04/2015,37.785885,147.199402,27.737776
15/04/2015,38.339291,147.59848,28.91811
16/04/2015,38.248569,147.110733,28.953337
17/04/2015,37.758667,143.403915,28.601007
20/04/2015,38.928989,145.886963,28.830027
21/04/2015,38.684036,145.434647,28.565767
22/04/2015,39.00156,146.028809,28.803596
23/04/2015,39.319099,141.585953,28.495304
24/04/2015,43.428814,140.991837,28.257479
27/04/2015,43.573978,140.09613,28.627428
28/04/2015,44.599136,140.406525,29.08547
29/04/2015,44.508415,139.200516,28.970957
30/04/2015,44.127377,138.686142,28.671469
1/05/2015,44.145527,139.830078,29.437807
4/05/2015,43.764496,141.018448,29.446617
5/05/2015,43.183861,140.034088,28.958645
6/05/2015,41.986328,139.794662,28.586018
7/05/2015,42.367367,140.654831,28.603764
8/05/2015,43.319954,142.419586,29.100603
11/05/2015,42.975212,141.798798,29.003008
12/05/2015,42.957066,141.94957,28.612637
13/05/2015,43.21109,143.049179,28.958645
14/05/2015,44.199951,144.680893,29.251427
15/05/2015,43.81892,144.813889,29.269173
18/05/2015,43.555828,144.432587,29.641798
19/05/2015,43.446251,144.654266,29.411127
20/05/2015,43.446251,144.480286,29.606314
21/05/2015,43.300148,144.623047,29.766016
22/05/2015,42.825329,143.659256,29.677292
26/05/2015,42.542263,142.418808,29.366764
27/05/2015,43.473648,143.694946,29.907967
28/05/2015,43.327549,143.561096,30.174122
29/05/2015,42.788803,141.963684,30.573376
1/06/2015,43.126656,141.874451,30.085411
2/06/2015,42.843594,141.963684,29.517591
3/06/2015,42.779675,142.92746,29.0385
4/06/2015,42.332241,141.312225,28.665869
5/06/2015,42.131355,140.178925,28.24888
8/06/2015,41.756981,139.741623,27.769783
9/06/2015,41.683933,140.089615,27.725424
10/06/2015,42.560532,141.928009,28.231129
11/06/2015,42.405289,142.659714,28.257751
12/06/2015,41.976128,141.035583,27.787527
15/06/2015,41.528698,139.09906,27.84963
16/06/2015,41.848297,139.652359,28.07143
17/06/2015,41.976128,140.062866,28.346474
18/06/2015,42.660973,142.445587,28.727968
19/06/2015,42.094841,141.847687,28.452934
22/06/2015,42.213547,142.499115,28.621508
23/06/2015,41.921341,142.641891,28.470676
24/06/2015,41.674797,140.589386,28.310984
25/06/2015,41.683933,139.143677,28.38196
26/06/2015,41.327812,140.18779,27.521358
29/06/2015,40.515144,137.385666,26.962418
30/06/2015,40.314255,137.698013,26.989033
1/07/2015,40.588188,138.902725,26.776098
2/07/2015,40.54253,138.661774,27.113243
6/07/2015,40.533401,138.394058,26.65189
7/07/2015,40.451221,138.70639,26.527683
8/07/2015,40.396439,136.279068,26.172794
9/07/2015,40.652107,137.207199,25.667088
10/07/2015,40.734291,138.27803,25.880018
13/07/2015,41.583492,139.634521,26.376852
14/07/2015,41.656532,139.911163,26.305878
15/07/2015,41.784374,139.215103,26.341366
16/07/2015,42.606182,140.259186,26.527683
17/07/2015,42.569649,139.830872,26.146177
20/07/2015,42.843594,140.214554,25.817911
21/07/2015,43.172314,139.0009,25.480768
22/07/2015,41.583492,138.688583,25.383183
23/07/2015,42.103966,133.414459,25.374308
24/07/2015,41.94873,133.262756,24.89521
27/07/2015,41.409992,132.709488,25.152504
28/07/2015,41.400871,134.851212,25.693701
29/07/2015,42.268326,135.154678,25.738064
30/07/2015,42.807076,135.261749,25.64934
31/07/2015,42.642704,135.056473,25.684828
3/08/2015,42.743153,133.967773,25.773548
4/08/2015,43.409725,134.217636,25.844528
5/08/2015,43.446251,134.761993,26.050283
6/08/2015,42.569649,133.200256,25.951878
7/08/2015,42.679237,132.870117,25.835581
10/08/2015,43.217979,134.967224,26.515467
11/08/2015,42.377899,132.504196,25.916092
12/08/2015,42.679237,132.539917,26.354443
13/08/2015,42.670109,131.54039,25.826635
14/08/2015,42.916637,132.325699,25.960823
17/08/2015,43.208843,133.182449,26.014496
18/08/2015,43.447815,132.352493,25.862419
19/08/2015,42.841194,131.080963,25.370398
20/08/2015,41.967999,128.816422,24.627893
21/08/2015,39.587425,127.684151,23.760145
24/08/2015,38.309822,124.530052,23.482824
25/08/2015,37.197659,123.685356,23.142885
26/08/2015,39.256535,128.25032,24.422136
27/08/2015,40.350307,129.310699,24.797863
28/08/2015,40.377884,129.589249,25.424072
31/08/2015,40.001041,127.729103,25.531424
1/09/2015,38.438499,124.458153,24.887321
2/09/2015,39.85397,126.920349,25.585096
3/09/2015,39.982655,127.369675,26.014496
4/09/2015,39.164623,125.662292,25.513535
8/09/2015,40.341122,128.888306,26.390223
9/09/2015,39.587425,126.578911,26.157629
10/09/2015,39.789639,126.506989,26.184471
11/09/2015,39.964264,126.938339,26.363382
14/09/2015,39.559856,126.533966,26.291821
15/09/2015,40.42384,129.041107,26.595976
16/09/2015,40.717972,129.580292,26.631763
17/09/2015,40.672009,128.456985,26.578087
18/09/2015,39.964264,125.464607,25.960823
21/09/2015,40.543335,125.842026,26.086069
22/09/2015,40.350307,124.026825,25.647717
23/09/2015,40.322735,123.703346,25.710342
24/09/2015,40.359509,123.631447,25.477747
25/09/2015,40.387074,125.410713,25.772961
28/09/2015,39.789639,124.350304,25.728233
29/09/2015,39.927505,127.198944,26.157629
30/09/2015,40.681206,127.396652,26.962753
1/10/2015,41.002899,126.525002,26.837517
2/10/2015,41.885273,128.681686,27.293753
5/10/2015,42.859566,131.485336,27.91996
6/10/2015,42.969864,131.009064,28.394091
7/10/2015,43.01582,132.58165,28.912949
8/10/2015,43.613262,134.324966,29.091871
9/10/2015,43.300755,134.702393,28.751925
12/10/2015,43.19965,134.846176,28.814547
13/10/2015,43.098553,133.992477,28.662468
14/10/2015,42.905529,133.282562,29.342352
15/10/2015,43.208843,134.064377,29.297623
16/10/2015,43.668411,133.624039,29.557051
19/10/2015,43.76952,132.99501,30.049078
20/10/2015,43.907383,133.992477,29.914885
21/10/2015,43.383476,134.630478,29.852262
22/10/2015,44.14637,140.183914,30.773684
23/10/2015,48.595009,139.995224,31.220972
26/10/2015,49.863422,140.669189,30.943663
27/10/2015,49.348709,140.839905,30.836313
28/10/2015,49.61525,142.05307,31.051001
29/10/2015,49.045387,141.630707,30.442677
30/10/2015,48.383606,141.271271,30.290615
2/11/2015,48.935093,143.706482,30.514257
3/11/2015,49.771523,142.655106,30.693178
4/11/2015,50.001301,142.798889,30.765245
5/11/2015,49.982918,142.870773,30.630108
6/11/2015,50.479248,143.113403,30.485966
9/11/2015,49.780704,141.504898,30.044535
10/11/2015,49.183262,141.612717,29.918407
11/11/2015,49.311943,142.924728,29.603102
12/11/2015,49.008629,140.453491,29.188694
13/11/2015,48.56744,139.869431,28.927439
16/11/2015,49.422237,142.169876,28.918427
17/11/2015,49.015099,141.109497,29.404905
18/11/2015,49.829388,142.362244,29.873365
19/11/2015,49.912678,143.257736,30.900368
20/11/2015,50.144005,143.7733,31.224697
23/11/2015,50.144005,143.501953,31.062536
24/11/2015,50.19952,142.687881,30.95443
25/11/2015,49.681332,142.57933,31.035511
27/11/2015,49.903416,142.904953,31.044516
30/11/2015,50.292049,141.629639,31.32379
1/12/2015,51.097107,141.919052,31.612074
2/12/2015,51.087849,140.833618,31.377846
3/12/2015,50.153259,139.639648,30.666145
4/12/2015,51.73558,143.112991,31.476942
7/12/2015,51.643044,142.687881,31.521988
8/12/2015,51.624538,141.819534,31.305773
9/12/2015,50.875023,141.150208,31.359823
10/12/2015,51.143368,142.479828,31.32379
11/12/2015,50.023716,140.046677,30.873344
14/12/2015,51.023075,142.57933,31.053532
15/12/2015,51.078594,133.986404,31.693157
16/12/2015,51.939148,135.632645,31.801258
17/12/2015,51.54126,134.63768,31.449915
18/12/2015,50.088486,132.891937,30.512997
21/12/2015,50.736225,133.398438,30.846323
22/12/2015,51.217388,134.746216,31.287758
23/12/2015,51.652302,136.727112,31.530996
24/12/2015,51.513504,136.754227,31.512976
28/12/2015,51.772598,136.781403,31.467932
29/12/2015,52.327797,138.291916,31.927382
30/12/2015,52.105721,137.405518,31.521988
31/12/2015,51.337688,136.25676,31.035511
4/01/2016,50.708462,132.801498,30.621105
5/01/2016,50.939793,133.380402,30.476955
6/01/2016,50.014458,130.693954,29.801296
7/01/2016,48.274826,127.510063,28.684195
8/01/2016,48.422878,127.075912,28.386906
11/01/2016,48.395107,127.048767,28.882395
12/01/2016,48.839272,127.410568,29.440941
13/01/2016,47.784397,125.474869,28.747261
14/01/2016,49.144646,127.699997,29.494989
15/01/2016,47.182934,125.447754,26.810356
19/01/2016,46.785038,125.176384,26.846388
20/01/2016,46.997856,123.882919,26.657207
21/01/2016,46.710999,124.606537,26.720263
22/01/2016,48.385864,126.198532,26.963505
25/01/2016,47.923195,124.434715,26.666218
26/01/2016,48.274826,130.956268,26.972513
27/01/2016,47.39576,131.652756,26.855396
28/01/2016,48.173035,133.253784,26.99954
29/01/2016,50.97681,136.582382,27.945471
1/02/2016,50.625172,134.529099,27.765289
2/02/2016,49.042854,133.751221,26.846388
3/02/2016,48.265564,137.957291,26.664627
4/02/2016,48.117519,138.789413,27.055418
5/02/2016,46.414902,138.816528,26.391983
8/02/2016,45.720894,139.205444,26.192043
9/02/2016,45.600597,139.965286,26.182955
10/02/2016,45.998493,138.890244,25.65584
11/02/2016,45.97998,137.268555,25.646755
12/02/2016,46.729507,140.265961,26.028454
16/02/2016,47.614883,141.696289,26.155693
17/02/2016,48.854431,142.689362,26.78277
18/02/2016,48.640072,142.835098,26.737335
19/02/2016,48.295238,142.534454,26.092073
22/02/2016,49.068783,143.673248,26.673712
23/02/2016,47.698772,142.279358,26.173866
24/02/2016,47.866531,143.235992,26.528305
25/02/2016,48.556187,144.848526,26.919098
26/02/2016,47.810608,144.192581,27.08268
29/02/2016,47.419174,142.91713,26.89183
1/03/2016,49.003548,145.395142,27.600708
2/03/2016,49.348366,145.23114,27.755205
3/03/2016,48.789185,145.203842,27.791557
4/03/2016,48.490952,145.832474,27.836994
7/03/2016,47.558968,146.287994,28.118732
8/03/2016,48.136799,145.950912,27.77338
9/03/2016,49.245861,145.850677,28.055113
10/03/2016,48.50959,145.668457,28.400461
11/03/2016,49.460213,147.481491,28.863958
14/03/2016,49.553413,147.417694,28.564049
15/03/2016,49.944839,147.96434,28.763988
16/03/2016,50.653141,148.401642,28.800339
17/03/2016,50.942055,149.18515,29.063898
18/03/2016,49.851643,150.624603,29.700068
21/03/2016,50.196476,150.178177,29.391071
22/03/2016,50.392189,150.241989,29.372892
23/03/2016,50.299,149.658905,29.082071
24/03/2016,50.522675,149.832031,28.973015
28/03/2016,49.898251,151.490128,28.991192
29/03/2016,50.988659,149.768204,29.427423
30/03/2016,51.305534,151.91832,29.727327
31/03/2016,51.473286,151.80899,29.400164
1/04/2016,51.790169,152.628922,29.491045
4/04/2016,51.659695,151.599442,29.082071
5/04/2016,50.848866,151.061905,28.991192
6/04/2016,51.370766,151.972992,29.154781
7/04/2016,50.755665,152.29187,28.673107
8/04/2016,50.718388,151.80899,28.745813
11/04/2016,50.615868,151.772537,28.782164
12/04/2016,50.932743,153.084457,28.954842
13/04/2016,51.585125,153.59465,29.200218
14/04/2016,51.594448,153.202896,28.900307
15/04/2016,51.864723,153.767746,28.591312
18/04/2016,52.619625,154.469254,28.763988
19/04/2016,52.554382,154.560364,28.718546
20/04/2016,51.808811,153.913528,29.082071
21/04/2016,51.985878,153.658447,29.054806
22/04/2016,48.257954,153.658447,28.754898
25/04/2016,48.56551,153.40332,28.527695
26/04/2016,47.941086,151.399017,28.536785
27/04/2016,47.475086,152.838486,28.854876
28/04/2016,46.50584,152.146088,28.273228
29/04/2016,46.477879,152.492279,27.518911
2/05/2016,47.167538,153.366898,27.818823
3/05/2016,46.393993,153.029816,27.591618
4/05/2016,46.477879,152.29187,27.362446
5/05/2016,46.54311,152.847595,27.408285
6/05/2016,46.962502,153.86795,27.536617
9/05/2016,46.664272,153.530899,27.316616
10/05/2016,47.549652,155.116104,27.628281
11/05/2016,47.57761,154.669708,27.554951
12/05/2016,48.006317,155.0159,27.279953
13/05/2016,47.605572,153.348679,27.41745
16/05/2016,48.304558,154.469254,27.857447
17/05/2016,47.403595,152.884003,27.481615
18/05/2016,47.685154,152.994095,27.490784
19/05/2016,47.225281,151.425812,27.160786
20/05/2016,47.506836,151.334076,27.637447
23/05/2016,46.953121,152.342926,27.710783
24/05/2016,48.417183,154.654099,28.471613
25/05/2016,48.914581,155.901367,28.774113
26/05/2016,48.698727,154.910873,28.86578
27/05/2016,49.102283,154.892517,28.939112
31/05/2016,49.740459,154.369766,28.957445
1/06/2016,49.599678,154.709106,29.021614
2/06/2016,49.252441,154.112961,29.113281
3/06/2016,48.604881,154.424774,28.984951
6/06/2016,48.923962,155.983932,29.039946
7/06/2016,48.895805,156.745102,29.22328
8/06/2016,48.839504,157.212814,29.232445
9/06/2016,48.445332,156.029755,29.278282
10/06/2016,48.313942,154.589874,29.369947
13/06/2016,47.056355,153.278397,29.489107
14/06/2016,46.765427,153.718613,29.461611
15/06/2016,46.634026,153.892853,28.975784
16/06/2016,47.290977,155.846313,29.049112
17/06/2016,47.04697,154.93837,29.113281
20/06/2016,46.990658,157.038574,29.489107
21/06/2016,48.041779,157.166992,29.626612
22/06/2016,47.85408,157.038574,29.599113
23/06/2016,48.717491,159.679901,30.240784
24/06/2016,46.765427,155.103455,28.92078
27/06/2016,45.451515,153.33342,28.159948
28/06/2016,46.399406,155.534515,28.59078
29/06/2016,47.431755,157.304535,29.269117
30/06/2016,48.023003,160.606171,30.066612
1/07/2016,48.013626,160.991364,30.020781
5/07/2016,48.023003,161.073929,29.956614
6/07/2016,48.220093,160.642899,30.222445
7/07/2016,48.220093,160.376923,30.433277
8/07/2016,49.083504,162.440445,31.166609
11/07/2016,49.355675,163.256683,31.51494
12/07/2016,49.93755,164.311356,32.028278
13/07/2016,50.219097,164.357224,32.092442
14/07/2016,50.434948,165.907135,32.266609
15/07/2016,50.397408,166.365707,32.147449
18/07/2016,50.641422,166.099762,32.129108
19/07/2016,49.824932,166.218948,32.220779
20/07/2016,52.471493,166.384048,32.715775
21/07/2016,52.368259,165.320175,31.414104
22/07/2016,53.090908,165.48526,31.771612
25/07/2016,53.241066,164.742401,31.79911
26/07/2016,53.269218,162.935669,32.165775
27/07/2016,52.734268,163.495102,31.927443
28/07/2016,52.753044,163.229141,31.87244
29/07/2016,53.194141,163.577652,31.954943
1/08/2016,53.100292,163.513474,31.945778
2/08/2016,53.100292,163.577652,31.679945
3/08/2016,53.466301,163.595993,31.633762
4/08/2016,53.860477,163.073242,31.938562
5/08/2016,54.395412,163.770264,32.307999
8/08/2016,54.489265,163.779434,32.363415
9/08/2016,54.620659,163.605164,32.252579
10/08/2016,54.451729,163.999527,31.892372
11/08/2016,54.714508,165.998856,32.03091
12/08/2016,54.376652,165.329361,31.929312
15/08/2016,54.545574,165.595322,32.243347
16/08/2016,54.243374,164.393875,32.520432
17/08/2016,54.356709,165.990372,32.344948
18/08/2016,54.394482,165.353653,32.298759
19/08/2016,54.413361,165.750458,32.548138
22/08/2016,54.460579,165.252136,32.658978
23/08/2016,54.668339,165.898132,32.695919
24/08/2016,54.724998,165.565903,32.465015
25/08/2016,54.932751,165.722763,32.409599
26/08/2016,54.800556,165.565903,32.566612
29/08/2016,54.866653,166.571762,32.834457
30/08/2016,54.668339,166.248779,32.972992
31/08/2016,54.262272,165.409027,33.148491
1/09/2016,54.385036,166.091904,33.268559
2/09/2016,54.460579,166.85788,33.323971
6/09/2016,54.403927,166.534897,33.776543
7/09/2016,54.451145,165.879623,33.674942
8/09/2016,54.23394,166.202667,33.656471
9/09/2016,53.081837,162.086792,32.732857
12/09/2016,53.875092,164.356995,33.323971
13/09/2016,53.384026,162.483612,32.889877
14/09/2016,53.129059,162.068344,32.899109
15/09/2016,54.007294,162.963501,33.767303
16/09/2016,54.063961,161.551559,34.792526
19/09/2016,53.761768,163.08345,34.321476
20/09/2016,53.648449,163.895569,34.303009
21/09/2016,54.545574,165.731995,34.589325
22/09/2016,54.602234,165.971954,34.681683
23/09/2016,54.23394,163.701752,34.349178
26/09/2016,53.73344,162.372864,33.850441
27/09/2016,54.724998,162.695877,34.339947
28/09/2016,54.800556,163.886337,34.580086
29/09/2016,54.205612,161.837631,34.469254
30/09/2016,54.394482,162.631287,34.866405
3/10/2016,54.224495,161.533096,34.783283
4/10/2016,54.05452,158.432373,34.672447
5/10/2016,54.432255,159.087601,35.088074
6/10/2016,54.526691,158.395462,35.161964
7/10/2016,54.583347,158.109406,35.189674
10/10/2016,54.809998,157.934021,35.115784
11/10/2016,54.007294,156.586716,34.423073
12/10/2016,53.931747,156.623611,34.29377
13/10/2016,53.752323,156.900482,34.145992
14/10/2016,54.224495,157.186569,34.589325
17/10/2016,54.035629,157.075821,34.44154
18/10/2016,54.451145,156.835831,34.866405
19/10/2016,54.328369,156.798981,32.797508
20/10/2016,54.063961,156.752823,32.723621
21/10/2016,56.339844,156.420609,32.465015
24/10/2016,57.605263,158.054016,32.566612
25/10/2016,57.595825,153.402893,32.418827
26/10/2016,57.255852,153.661316,32.252579
27/10/2016,56.755356,152.969162,32.150986
28/10/2016,56.538151,152.978424,32.08633
31/10/2016,56.585373,152.544678,32.206402
1/11/2016,56.472046,151.575714,31.883137
2/11/2016,56.122639,152.941513,31.957024
3/11/2016,55.914879,153.956619,31.57548
4/11/2016,55.442707,153.633621,31.277685
7/11/2016,57.057541,156.64209,32.282742
8/11/2016,57.104767,157.83252,32.329269
9/11/2016,56.821453,157.241943,32.338577
10/11/2016,55.43327,160.831772,32.105923
11/11/2016,55.735462,161.570007,32.208286
14/11/2016,54.885536,159.567505,32.087307
15/11/2016,55.969379,160.794846,32.487473
16/11/2016,56.710949,159.754639,32.422329
17/11/2016,57.652164,160.46051,32.58984
18/11/2016,57.376446,160.636963,32.5247
21/11/2016,57.861324,159.299561,32.55262
22/11/2016,58.108501,159.661774,33.017918
23/11/2016,57.423992,159.977554,32.757347
25/11/2016,57.547577,161.129196,32.980698
28/11/2016,57.623638,160.209702,33.045834
29/11/2016,58.07999,160.46051,32.859718
30/11/2016,57.290874,159.503845,32.292049
1/12/2016,56.283112,160.33049,31.417269
2/12/2016,56.330643,160.14473,31.789516
5/12/2016,57.252861,159.392426,32.003559
6/12/2016,56.996159,159.559586,32.310658
7/12/2016,58.346195,163.50679,33.036526
8/12/2016,58.003925,163.348877,33.222652
9/12/2016,58.916634,165.772934,33.278481
12/12/2016,59.106773,166.841019,33.473915
13/12/2016,59.876858,166.08873,34.246315
14/12/2016,59.591648,164.017593,34.01366
15/12/2016,59.496574,163.478897,34.237011
16/12/2016,59.230362,164.807053,33.790321
19/12/2016,60.485325,165.466461,34.330074
20/12/2016,60.409275,165.921555,34.627865
21/12/2016,60.409275,165.717224,34.413815
22/12/2016,60.418777,166.432343,34.367298
23/12/2016,60.124058,166.014404,34.404522
27/12/2016,60.162071,166.172302,34.497585
28/12/2016,59.886375,165.392166,34.088116
29/12/2016,59.800812,165.698669,34.116039
30/12/2016,59.078251,165.847275,33.753101
3/01/2017,59.496574,165.364304,34.060192
4/01/2017,59.230362,165.615067,33.883381
5/01/2017,59.230362,165.048523,33.827549
6/01/2017,59.743763,165.531479,33.948521
9/01/2017,59.553616,164.639862,34.069504
10/01/2017,59.534603,163.999054,34.00436
11/01/2017,60.076519,165.215683,34.38591
12/01/2017,59.525097,164.79776,34.162567
13/01/2017,59.610664,164.751328,34.237011
17/01/2017,59.449032,164.630554,34.246315
18/01/2017,59.420517,165.772934,34.209095
19/01/2017,59.230362,165.949402,34.032276
20/01/2017,59.648685,165.772934,34.376598
23/01/2017,59.857845,165.791519,34.218403
24/01/2017,60.390259,163.43248,35.009415
25/01/2017,60.542374,164.138351,35.176929
26/01/2017,61.103298,164.221954,34.953579
27/01/2017,62.538902,164.8349,35.344429
30/01/2017,61.920921,162.921692,34.823292
31/01/2017,61.464577,162.36441,34.264931
1/02/2017,60.447304,162.689468,33.985744
2/02/2017,60.057503,161.770004,34.134647
3/02/2017,60.542374,162.568771,34.228374
6/02/2017,60.504345,162.624481,33.994061
7/02/2017,60.304691,163.237473,34.069035
8/02/2017,60.219131,164.454117,34.097153
9/02/2017,60.903652,165.485046,33.234882
10/02/2017,60.846611,166.246613,33.122414
13/02/2017,61.531136,168.122696,33.553555
14/02/2017,61.760693,168.661362,33.675392
15/02/2017,61.722424,169.853241,33.787861
16/02/2017,61.712856,171.451752,34.125271
17/02/2017,61.808517,171.021744,34.19088
21/02/2017,61.684166,171.414352,34.228374
22/02/2017,61.559826,173.910278,33.806606
23/02/2017,61.808517,174.985275,33.909706
24/02/2017,61.808517,175.190933,34.237747
27/02/2017,61.435486,174.723557,34.218998
28/02/2017,61.196365,174.200073,33.928448
1/03/2017,62.114594,177.481201,33.675392
2/03/2017,61.225063,177.509262,33.656651
3/03/2017,61.454613,176.967087,33.64727
6/03/2017,61.473736,176.583771,33.337982
7/03/2017,61.598091,176.761398,33.553555
8/03/2017,62.162415,177.154022,33.384842
9/03/2017,61.913727,177.5186,33.572292
10/03/2017,62.105022,178.74321,33.656651
13/03/2017,61.894596,179.032974,32.953705
14/03/2017,61.607651,177.920563,32.97245
15/03/2017,61.932861,178.733841,32.897472
16/03/2017,61.827648,177.901855,32.934963
17/03/2017,62.047638,179.818192,33.056805
20/03/2017,62.105022,180.425827,33.206768
21/03/2017,61.416351,179.60321,32.84124
22/03/2017,62.200676,179.687363,33.150528
23/03/2017,62.047638,179.612534,33.056805
24/03/2017,62.152859,179.023605,32.953705
27/03/2017,62.26762,178.014053,33.169281
28/03/2017,62.449368,178.537521,33.366104
29/03/2017,62.621529,178.247711,33.337982
30/03/2017,62.851093,178.80864,33.506683
31/03/2017,62.99456,178.855362,33.806606
3/04/2017,62.698048,178.285141,33.890961
4/04/2017,62.870228,177.789688,34.003429
5/04/2017,62.707611,177.836426,33.947193
6/04/2017,62.870228,177.509262,33.769119
7/04/2017,62.822403,177.602753,33.769119
10/04/2017,62.678928,177.340988,33.553555
11/04/2017,62.6311,177.677536,33.497318
12/04/2017,62.391968,177.331635,33.394218
13/04/2017,62.124149,176.350098,33.038067
17/04/2017,62.6311,177.948593,33.253628
18/04/2017,62.545021,177.817749,33.525433
19/04/2017,62.210243,177.453171,33.656651
20/04/2017,62.650234,178.696457,33.909706
21/04/2017,63.51107,179.014282,34.04092
24/04/2017,64.591896,181.566284,34.443935
25/04/2017,64.964943,182.407623,34.556404
26/04/2017,64.878853,182.286087,34.61264
27/04/2017,65.299713,183.323715,35.081264
28/04/2017,65.481438,183.061981,33.881588
1/05/2017,66.390121,182.108475,34.031551
2/05/2017,66.284897,183.716324,34.650139
3/05/2017,66.074478,184.744614,34.917343
4/05/2017,65.816223,186.502045,34.794598
5/05/2017,65.99794,186.399216,34.766273
8/05/2017,65.940567,185.698105,34.501888
9/05/2017,66.036217,185.053085,34.341377
10/05/2017,66.294464,183.819183,34.00145
11/05/2017,65.481438,183.921997,33.699299
12/05/2017,65.404922,183.753708,33.548222
15/05/2017,65.452744,184.744614,33.642647
16/05/2017,66.770653,185.006348,33.822052
17/05/2017,64.914047,183.224289,33.085552
18/05/2017,65.135292,183.600464,33.25552
19/05/2017,65.116051,184.127075,33.42548
22/05/2017,65.847145,186.675522,33.774837
23/05/2017,66.068413,185.942032,33.859818
24/05/2017,66.154999,185.716354,34.105312
25/05/2017,66.972672,187.644119,34.237503
26/05/2017,67.299736,188.706757,34.237503
30/05/2017,67.732635,190.371246,34.161976
31/05/2017,67.184303,192.280228,34.095871
1/06/2017,67.43441,192.167389,34.105312
2/06/2017,69.031296,194.377258,34.294167
5/06/2017,69.531525,193.925888,34.313046
6/06/2017,69.762383,193.164215,34.114758
7/06/2017,69.637344,192.788025,34.237503
8/06/2017,69.214073,193.662598,34.445232
9/06/2017,67.646049,194.593552,33.718185
12/06/2017,67.126595,195.026138,33.737064
13/06/2017,67.963501,196.643616,33.878708
14/06/2017,67.597946,197.48996,33.548222
15/06/2017,67.242035,198.693619,33.340496
16/06/2017,67.338226,200.527359,33.246071
19/06/2017,68.17514,200.640213,33.529343
20/06/2017,67.25164,200.640213,32.9156
21/06/2017,67.597946,200.170029,32.651211
22/06/2017,67.588326,199.568176,32.443485
23/06/2017,68.502213,200.207672,32.282963
26/06/2017,67.848068,199.934952,32.169655
27/06/2017,66.578262,197.273651,31.773087
28/06/2017,67.145828,198.063568,32.292408
29/06/2017,65.885651,195.458694,31.669224
30/06/2017,66.308907,195.778458,31.858067
3/07/2017,65.577812,197.320679,31.593683
5/07/2017,66.453201,197.254837,32.424606
6/07/2017,65.962593,195.618576,31.754206
7/07/2017,66.818756,197.094955,31.990261
10/07/2017,67.318993,197.941345,31.773087
11/07/2017,67.328598,197.160812,32.028023
12/07/2017,68.444496,198.703033,32.339615
13/07/2017,69.040909,198.505539,32.330177
14/07/2017,70.012505,199.145035,32.745632
17/07/2017,70.560837,199.060379,32.547352
18/07/2017,70.512741,198.712448,32.604004
19/07/2017,71.051437,199.455368,32.632332
20/07/2017,71.397751,199.784454,32.811729
21/07/2017,70.9841,198.571396,32.79285
24/07/2017,70.801331,197.480545,32.575672
25/07/2017,71.368896,187.503067,32.736195
26/07/2017,71.23423,187.16452,32.811729
27/07/2017,70.378075,188.123749,33.019459
28/07/2017,70.262627,187.8134,33.340496
31/07/2017,69.935555,189.176971,33.491573
1/08/2017,69.820122,191.067108,34.322483
2/08/2017,69.512291,193.164215,34.59631
3/08/2017,69.406471,195.242432,34.713322
4/08/2017,69.916306,195.270645,34.53257
7/08/2017,69.646973,195.073151,34.656246
8/08/2017,70.022141,194.123367,34.637218
9/08/2017,69.714302,194.170364,34.808456
10/08/2017,68.694618,193.935287,34.380367
11/08/2017,69.743149,193.700195,34.123508
14/08/2017,70.791695,195.007324,34.570625
15/08/2017,70.811058,194.828659,34.247177
16/08/2017,71.226906,195.524536,34.066425
17/08/2017,70.018028,193.107742,33.457588
18/08/2017,70.105072,191.396225,33.305382
21/08/2017,69.776245,192.355453,33.219765
22/08/2017,70.753029,193.211227,32.962921
23/08/2017,70.327507,191.683762,32.972424
24/08/2017,70.298492,191.163544,33.019985
25/08/2017,70.424217,191.173019,32.981937
28/08/2017,70.433891,191.485123,32.962921
29/08/2017,70.646645,191.920181,33.039017
30/08/2017,71.57505,192.648453,33.191227
31/08/2017,72.310051,193.244308,33.362457
1/09/2017,71.507362,192.525513,33.381485
5/09/2017,71.188217,190.085358,33.314888
6/09/2017,70.98513,191.097351,34.018856
7/09/2017,71.894203,193.376724,33.809578
8/09/2017,71.546036,194.540024,33.47662
11/09/2017,72.300392,198.200256,34.028381
12/09/2017,72.223022,198.275894,34.332802
13/09/2017,72.73558,198.134048,34.561115
14/09/2017,72.310051,199.968887,34.703808
15/09/2017,72.832283,201.784821,35.198486
18/09/2017,72.687225,202.172592,35.198486
19/09/2017,72.958008,201.983414,35.417294
20/09/2017,72.474472,199.098755,35.265079
21/09/2017,71.768478,199.032562,35.388756
22/09/2017,71.961906,199.33519,35.369728
25/09/2017,70.849724,199.306839,35.350708
26/09/2017,70.849724,199.590561,35.645611
27/09/2017,71.420326,198.124603,35.7122
28/09/2017,71.439667,198.190811,35.988083
29/09/2017,72.039268,198.52182,36.225914
2/10/2017,72.155319,201.226791,37.139168
3/10/2017,71.816841,202.938675,37.462612
4/10/2017,72.232697,204.782974,37.424561
5/10/2017,73.470573,204.641098,37.605301
6/10/2017,73.49958,204.782974,37.700439
9/10/2017,73.780052,204.934296,37.919239
10/10/2017,73.780052,205.000519,37.719463
11/10/2017,73.905769,204.773514,37.386509
12/10/2017,74.582748,205.794968,37.281857
13/10/2017,74.940567,205.917938,37.738487
16/10/2017,75.095306,206.863724,37.824108
17/10/2017,75.037262,205.946289,37.85265
18/10/2017,75.056618,206.438095,38.290249
19/10/2017,75.346748,207.35553,38.138042
20/10/2017,76.21714,209.322769,38.461487
23/10/2017,76.236488,209.540298,38.84201
24/10/2017,76.265511,221.930176,38.956165
25/10/2017,76.043053,224.795929,38.794449
26/10/2017,76.168777,220.312866,39.336693
27/10/2017,81.052635,222.015335,42.23819
30/10/2017,81.130005,218.496979,42.209648
31/10/2017,80.443352,217.71196,43.275116
1/11/2017,80.443352,217.702499,44.435715
2/11/2017,81.284744,219.641357,44.806728
3/11/2017,81.371788,219.631912,44.083733
6/11/2017,81.690926,217.825455,44.68948
7/11/2017,81.497498,217.579544,44.766041
8/11/2017,81.777962,217.371475,44.68948
9/11/2017,81.323418,216.009521,44.306698
10/11/2017,81.11068,215.120499,43.617695
13/11/2017,81.168694,215.848755,43.780376
14/11/2017,81.284744,216.89856,43.885643
15/11/2017,80.652969,215.073196,43.502865
16/11/2017,80.866798,216.983673,43.684689
17/11/2017,80.089226,216.926941,42.708599
20/11/2017,80.215591,218.941467,42.699032
21/11/2017,81.372231,221.400528,43.005249
22/11/2017,80.779327,220.131531,42.727737
24/11/2017,80.925125,219.941437,42.823433
27/11/2017,81.518021,222.4319,42.574623
28/11/2017,82.49968,223.981308,42.804295
29/11/2017,81.002876,226.243652,42.057877
30/11/2017,81.809601,231.120041,42.909554
1/12/2017,81.897079,229.228439,42.756447
4/12/2017,78.806252,227.431854,42.574623
5/12/2017,79.301933,226.481293,41.569828
6/12/2017,80.45858,226.871048,41.579403
7/12/2017,80.176704,228.420456,41.225323
8/12/2017,81.799881,226.357742,41.483704
11/12/2017,82.839882,227.469894,41.780357
12/12/2017,83.180061,224.884369,41.464565
13/12/2017,82.956505,227.289276,41.474133
14/12/2017,82.315025,226.310196,41.397579
15/12/2017,84.414436,226.234161,42.641609
18/12/2017,83.957619,226.633377,44.268425
19/12/2017,83.42305,226.604874,45.014839
20/12/2017,83.121735,225.20755,45.512459
21/12/2017,83.102303,223.173309,44.746895
22/12/2017,83.112022,223.125793,44.68948
26/12/2017,83.005104,223.810211,44.096176
27/12/2017,83.306412,224.523117,44.124878
28/12/2017,83.316124,224.066849,44.230148
29/12/2017,83.141182,223.734192,44.172729
2/01/2018,83.53968,223.990814,44.833023
3/01/2018,83.928474,223.981308,43.311478
4/01/2018,84.667145,226.909073,42.517212
5/01/2018,85.716881,228.677124,42.813862
8/01/2018,85.804337,227.935654,42.813862
9/01/2018,85.746025,229.352005,41.742085
10/01/2018,85.357239,229.218918,40.6703
11/01/2018,85.609947,230.331116,41.541122
12/01/2018,87.087334,232.384293,41.378441
16/01/2018,85.872368,232.640945,41.282745
17/01/2018,87.612183,235.84436,42.478928
18/01/2018,87.573303,233.753143,42.565056
19/01/2018,87.476105,235.910889,42.890423
22/01/2018,89.040962,235.074387,43.780376
23/01/2018,89.322823,234.133331,44.077034
24/01/2018,89.245064,235.445114,43.550709
25/01/2018,89.740768,239.884247,43.349754
26/01/2018,91.422256,245.844299,47.923969
29/01/2018,91.286179,243.353821,47.82827
30/01/2018,90.139259,239.104782,46.689499
31/01/2018,92.345612,238.116196,46.06749
1/02/2018,91.616646,235.68277,45.598583
2/02/2018,89.206184,233.049698,44.163158
5/02/2018,85.532188,219.998459,42.603329
6/02/2018,88.768806,222.080185,43.268108
7/02/2018,87.097038,221.661942,43.547504
8/02/2018,82.626045,211.87114,41.187073
9/02/2018,85.707153,214.076462,42.343212
12/02/2018,86.630493,217.859695,43.191036
13/02/2018,87.310875,219.922424,42.834557
14/02/2018,88.678009,220.530762,43.720924
15/02/2018,90.484581,224.575348,44.241177
16/02/2018,89.840065,226.296463,43.894344
20/02/2018,90.543159,224.766602,44.62656
21/02/2018,89.342033,222.00325,44.260452
22/02/2018,89.576408,225.655838,44.125572
23/02/2018,91.8517,226.631134,45.985004
26/02/2018,93.179771,233.439056,47.31456
27/02/2018,91.988403,230.226303,48.085308
28/02/2018,91.56852,225.187317,47.48798
1/03/2018,90.670113,221.200073,46.090988
2/03/2018,90.865417,220.272629,47.189308
5/03/2018,91.441551,222.605667,47.931164
6/03/2018,91.129082,223.418396,48.856056
7/03/2018,91.656403,225.244705,49.44376
8/03/2018,92.213013,225.980942,48.884968
9/03/2018,94.273476,230.771347,50.281956
12/03/2018,94.498077,229.289291,49.636444
13/03/2018,92.193489,227.157013,49.88694
14/03/2018,91.646629,224.020782,49.964024
15/03/2018,91.968895,225.531525,49.019855
16/03/2018,92.379021,226.822372,49.299244
19/03/2018,90.709175,221.410446,48.971676
20/03/2018,90.943542,222.261429,49.665356
21/03/2018,90.3088,223.87738,49.674988
22/03/2018,87.681946,213.388184,48.971676
23/03/2018,85.133224,205.920502,47.555424
26/03/2018,91.57827,210.586624,50.561356
27/03/2018,87.369469,206.408142,49.318512
28/03/2018,87.291344,207.048767,47.78664
29/03/2018,89.12719,209.898163,50.17598
2/04/2018,86.441757,203.300613,47.131504
3/04/2018,87.603821,206.847992,47.931164
4/04/2018,90.162323,208.024078,48.162388
5/04/2018,90.211143,209.085434,48.538132
6/04/2018,88.111626,202.946823,47.006256
9/04/2018,88.638939,203.482285,47.738472
10/04/2018,90.699394,207.469482,49.395596
11/04/2018,89.703362,204.935669,49.2318
12/04/2018,91.382973,206.934036,50.79258
13/04/2018,90.894714,206.073517,49.964024
16/04/2018,91.959106,208.157944,50.484272
17/04/2018,93.814514,210.443192,51.582596
18/04/2018,94.175827,209.898163,51.65004
19/04/2018,93.853577,209.257523,50.31086
20/04/2018,92.76963,208.20575,49.646084
23/04/2018,93.111412,206.41774,49.2318
24/04/2018,90.933769,192.31424,49.569008
25/04/2018,90.142799,190.124603,49.501564
26/04/2018,92.047012,188.451309,51.110516
27/04/2018,93.570381,187.523819,50.802216
30/04/2018,91.324371,185.869675,49.732792
1/05/2018,92.76963,186.472046,51.380276
2/05/2018,91.314621,185.974838,50.397568
3/05/2018,91.861473,187.103104,50.368664
4/05/2018,92.925873,190.621796,51.143864
7/05/2018,93.960991,191.482361,51.676815
8/05/2018,93.560616,192.897491,51.967514
9/05/2018,94.664101,194.50383,52.655502
10/05/2018,95.611313,196.043304,53.275665
11/05/2018,95.40625,196.167572,52.975277
14/05/2018,95.728493,196.741287,53.198147
15/05/2018,95.035164,193.538132,52.248524
16/05/2018,95.28035,191.434555,52.946205
17/05/2018,94.329018,192.888245,53.110935
18/05/2018,94.505569,191.540451,51.841541
21/05/2018,95.721695,194.236038,52.636127
22/05/2018,95.623627,191.550064,52.762093
23/05/2018,96.761292,191.261261,53.498535
24/05/2018,96.41803,191.973663,53.052799
25/05/2018,96.467072,191.607849,53.721409
29/05/2018,96.123802,188.440536,53.605122
30/05/2018,97.045715,191.270874,53.953964
31/05/2018,96.937828,189.874969,53.488846
1/06/2018,98.850311,192.146957,55.31057
4/06/2018,99.713371,193.562134,55.068314
5/06/2018,100.223366,193.696915,54.777618
6/06/2018,100.517586,196.257706,55.262115
7/06/2018,98.938568,197.422607,54.147762
8/06/2018,99.674141,198.88591,53.343494
11/06/2018,99.105301,197.470749,52.829926
12/06/2018,99.360298,197.278198,53.120625
13/06/2018,98.909149,197.249313,53.324116
14/06/2018,99.468178,196.036301,53.818306
15/06/2018,98.203003,197.326324,53.40163
18/06/2018,98.918961,196.556168,51.570225
19/06/2018,98.918961,191.954422,51.289211
20/06/2018,99.909523,190.693253,51.802784
21/06/2018,99.193573,188.228745,50.572151
22/06/2018,98.477631,189.172195,50.872543
25/06/2018,96.49649,188.498291,49.138031
26/06/2018,97.173225,189.249207,48.130268
27/06/2018,95.662849,187.651108,47.248482
28/06/2018,96.731873,188.661942,47.723289
29/06/2018,96.712257,189.383987,48.169029
2/07/2018,98.085312,188.228745,48.643845
3/07/2018,97.143799,188.527176,47.93647
5/07/2018,97.840126,189.980865,49.176792
6/07/2018,99.213196,190.096405,49.777573
9/07/2018,99.8899,193.05191,50.252384
10/07/2018,100.154709,193.966476,50.543079
11/07/2018,100.01741,190.308182,49.612846
12/07/2018,102.184883,191.887039,50.727192
13/07/2018,103.401009,193.677673,50.601227
16/07/2018,102.891022,193.610245,50.397732
17/07/2018,103.910988,194.53447,50.145794
18/07/2018,103.096977,194.659622,50.116726
19/07/2018,102.390823,194.082016,50.368664
20/07/2018,104.224838,194.418945,50.300835
23/07/2018,105.892128,191.424927,50.688435
24/07/2018,105.588097,193.196304,50.562466
25/07/2018,108.697083,196.758316,50.804718
26/07/2018,107.510376,200.204834,50.543079
27/07/2018,105.607712,199.684952,46.201958
30/07/2018,103.342163,197.470749,46.211647
31/07/2018,104.038513,204.402237,46.608944
1/08/2018,104.23465,199.328766,47.296928
2/08/2018,105.499832,197.865448,47.946159
3/08/2018,105.960777,199.559799,48.091511
6/08/2018,106.049042,198.991806,48.062263
7/08/2018,106.784607,200.792068,48.452221
8/08/2018,107.382874,199.41539,48.705692
9/08/2018,107.559402,197.143417,48.88118
10/08/2018,106.902306,194.428589,47.623558
13/08/2018,106.127502,192.387634,47.233608
14/08/2018,107.45153,193.042282,46.911888
15/08/2018,105.994431,193.879822,46.268459
16/08/2018,105.974731,195.574188,45.985737
17/08/2018,105.915665,197.133774,45.917496
20/08/2018,105.216652,196.970108,45.332561
21/08/2018,104.340416,198.019485,46.424442
22/08/2018,105.403702,196.642807,45.868752
23/08/2018,105.895966,196.497437,45.80051
24/08/2018,106.722969,198.959076,46.463436
27/08/2018,107.904411,201.90535,47.136112
28/08/2018,108.554207,202.97142,47.350594
29/08/2018,110.286972,203.969681,47.52607
30/08/2018,110.218056,203.737076,47.028881
31/08/2018,110.592186,204.415482,47.214108
4/09/2018,109.981766,202.167023,46.755909
5/09/2018,106.811584,205.297424,46.521931
6/09/2018,107.057709,206.179367,46.073483
7/09/2018,106.535919,206.014603,45.283821
10/09/2018,107.687813,206.36348,45.137581
11/09/2018,109.519043,205.248947,43.801979
12/09/2018,109.981766,200.335312,43.801979
13/09/2018,111.163208,202.603149,44.425911
14/09/2018,111.616089,201.469238,44.396664
17/09/2018,110.405121,203.068329,44.279678
18/09/2018,111.458572,205.006668,44.942604
19/09/2018,109.971924,206.547638,44.991352
20/09/2018,111.812996,208.631348,46.014984
21/09/2018,112.492317,209.658646,45.488548
24/09/2018,112.895973,206.925598,45.732265
25/09/2018,112.679375,204.144104,44.757374
26/09/2018,112.21666,204.560852,44.552647
27/09/2018,112.639999,203.630463,44.72813
28/09/2018,112.600616,204.21196,46.10273
1/10/2018,113.821434,205.646317,45.283821
2/10/2018,113.368553,209.057755,46.892395
3/10/2018,113.388237,209.106201,47.535824
4/10/2018,111.045067,207.245438,46.921642
5/10/2018,110.395264,206.615494,45.849255
8/10/2018,109.135078,207.759079,45.849255
9/10/2018,110.523254,203.930893,45.38131
10/10/2018,104.517632,195.915939,43.675243
11/10/2018,104.271507,190.663071,43.119556
12/10/2018,107.87487,192.116821,43.753235
15/10/2018,105.935349,192.804947,43.412018
16/10/2018,109.282745,196.090378,44.786617
17/10/2018,108.997238,196.671875,44.737877
18/10/2018,106.821426,194.200516,43.840977
19/10/2018,106.978958,193.686874,42.895329
22/10/2018,107.933945,195.150299,43.879967
23/10/2018,106.427612,186.611984,43.382774
24/10/2018,100.737038,178.848999,41.354996
25/10/2018,106.624535,179.285126,43.197544
26/10/2018,105.30526,179.246368,44.5429
29/10/2018,102.24337,180.060455,44.260178
30/10/2018,102.125237,183.956482,46.560928
31/10/2018,105.157578,184.392593,45.703022
1/11/2018,104.281342,186.292175,47.00938
2/11/2018,104.517632,186.863968,45.927246
5/11/2018,105.846748,187.290405,46.765656
6/11/2018,106.053505,189.277176,46.353622
7/11/2018,110.227905,195.082443,47.795734
8/11/2018,110.021149,197.776733,48.060616
9/11/2018,107.87487,194.898315,47.197308
12/11/2018,105.216652,190.963516,45.765007
13/11/2018,105.285568,192.252502,46.490967
14/11/2018,103.792503,191.952057,46.196663
15/11/2018,106.076599,198.59082,47.197308
16/11/2018,107.075256,202.554688,47.903652
19/11/2018,103.446434,199.240158,47.089394
20/11/2018,100.569077,194.326508,46.490967
21/11/2018,101.953369,193.87767,46.137794
23/11/2018,101.913811,192.033432,45.657093
26/11/2018,105.275681,195.019302,46.549831
27/11/2018,105.938156,195.829208,47.158066
28/11/2018,109.87352,199.390793,47.933083
29/11/2018,108.953957,199.605469,46.795086
30/11/2018,109.646095,202.884094,48.374546
3/12/2018,110.832626,203.703751,49.178989
4/12/2018,107.302681,197.302628,46.844135
6/12/2018,107.965172,197.770996,47.452374
7/12/2018,103.644188,193.438553,45.362785
10/12/2018,106.38311,193.516617,46.314384
11/12/2018,107.371895,192.67746,46.481159
12/12/2018,107.8564,194.970535,46.922623
13/12/2018,108.222252,197.234344,47.373898
14/12/2018,104.840607,191.350388,46.952053
17/12/2018,101.735832,188.149826,46.186848
18/12/2018,102.803719,189.847672,46.834332
19/12/2018,102.526863,185.3591,44.705498
20/12/2018,100.371323,182.841583,44.676067
21/12/2018,97.128105,179.299515,43.989342
24/12/2018,93.074097,174.293747,42.763058
26/12/2018,99.431976,181.748703,45.313732
27/12/2018,100.045013,186.081161,45.480507
28/12/2018,99.263878,184.783386,45.863106
